set_num,title,price,condition,classification,item_id,review_status
75083-1,LEGO Star Wars: At-DP (75083),172.43,NEW,FULL_SET,v1|117007887473|0,PENDING
75083-1,"LEGO Star Wars Rebels - Figurine AT-DP PILOT WHITE UNIFORM - sw0624, set 75083",13.95,USED,FULL_SET,v1|117207027128|0,PENDING
75083-1,Lego Star Wars AT-DP 75083 Rebels Agent Kallus Pilot Stormtrooper 2015,215.53,NEW,FULL_SET,v1|117231004659|0,PENDING
75083-1,Lego Star Wars 75083 AT-DP 2015 juego retirado nuevo sellado de fábrica en caja sin abrir,170.70,USED,FULL_SET,v1|117281393164|0,PENDING
75083-1,LEGO 75083: STAR WARS REBELS - AT-DP - 100% Completo Con Manual Excelente Estado,80.50,USED,FULL_SET,v1|127335126708|0,PENDING
75106-1,LEGO Star Wars Imperial Assault Carrier (75106),268.12,NEW,FULL_SET,v1|117015216308|0,PENDING
75106-1,LEGO Star Wars Imperial Assault Carrier (75106)- Nuevo en caja sellada de fábrica,300.89,NEW,FULL_SET,v1|117248449389|0,PENDING
75106-1,LEGO Star Wars: Imperial Assault Carrier (75106) Rebels Retired Set ,279.69,NEW,FULL_SET,v1|117409874066|0,PENDING
75106-1,LEGO Star Wars: Imperial Assault Carrier (75106) 100% complete With Box,235.55,NEW,FULL_SET,v1|126136266845|0,PENDING
75106-1,LEGO Star Wars Imperial Assault Carrier 75106,151.26,USED,FULL_SET,v1|128042988710|0,PENDING
77904-1,LEGO Star Wars: Fragata Nebulon-B (77904)—AFA 9.0,452.63,NEW,FULL_SET,v1|116115829061|0,PENDING
77904-1,"LEGO STAR WARS Nebulon-B Fragata 77904 2020 SDCC Exclusivo NUEVO, SELLADO",193.98,NEW,FULL_SET,v1|116940312508|0,PENDING
77904-1,LEGO Star Wars: Fragata Nebulon-B (77904),215.54,NEW,FULL_SET,v1|117322367957|0,PENDING
77904-1,LEGO Star Wars 77904 SDCC Comic Con Exclusivo Nebulon-B Fragata 40º Totalmente NUEVO,224.15,NEW,FULL_SET,v1|124499201971|0,PENDING
77904-1,LEGO Star Wars Nebulon-B Frigate 77904 San Diego Comic-Con SDCC 2020 Limited Set,182.73,NEW,FULL_SET,v1|137397114182|0,PENDING
75172-1,Lego 75172 - Star Wars Y-Wing Starfighter - Nuevo / EMBALAJE ORIGINAL,267.42,NEW,FULL_SET,v1|126931656243|0,PENDING
75172-1,LEGO Star Wars: Y-Wing Starfighter (75172),52.16,USED,FULL_SET,v1|137649692973|0,PENDING
75172-1,LEGO Star Wars 75172 BOLSAS SELLADAS #4 + 5 más instrucciones - Nuevo,26.03,NEW,FULL_SET,v1|147240288735|0,PENDING
75172-1,LEGO Y WING STARFIGHTER 75172 (1008282-18),168.97,USED,FULL_SET,v1|147311119218|0,PENDING
75172-1,Lego Star Wars 75172 Y-Wing Starfighter - con figura de droide - viene con manual,60.50,USED,FULL_SET,v1|147365945309|0,PENDING
21019-1,LEGO Arquitectura La Torre Eiffel (21019) seminuevo,41.72,USED,FULL_SET,v1|115014261237|0,PENDING
21019-1,Lego Arquitectura La Torre Eiffel (21019) Kit de Construcción 321 Piezas Juego Retirado,155.19,NEW,FULL_SET,v1|115434930530|0,PENDING
21019-1,LEGO ARCHITECTURE RETIRADO: La Torre Eiffel (21019) Usado 100% Completo,25.03,USED,FULL_SET,v1|117250074472|0,PENDING
21019-1,"LEGO - Arquitectura - La Torre Eiffel 21019 - Nuevo, Juego Retirado - ¡Raro!",146.04,NEW,FULL_SET,v1|117407941123|0,PENDING
21019-1,New LEGO Architecture  - The Eiffel Tower (21019) - Sealed European Box,105.28,NEW,FULL_SET,v1|127446776553|0,PENDING
21006-1,LEGO Arquitectura Casa Blanca 21006 Usado con Caja e Instrucciones 99% Comp Ver Desc,62.58,USED,FULL_SET,v1|115140915582|0,PENDING
21006-1,LEGO Arquitectura La Casa Blanca (21006) 100% Completo,26.08,USED,FULL_SET,v1|117048970159|0,PENDING
21006-1,LEGO ARCHITECTURE La Casa Blanca 21006 Washington DC EE. UU. Juego Retirado Sellado ,135.56,NEW,FULL_SET,v1|117395183334|0,PENDING
21006-1,LEGO ARCHITECTURE: La Casa Blanca (21006) COMPLETO (¡LEER DESCRIPCIÓN!),20.86,USED,FULL_SET,v1|126583214216|0,PENDING
21006-1,@ LEGO ARCHITECTURE@ La Casa Blanca La Casa Blanca @ 21006@ BA@EMBALAJE ORIGINAL@TOP@,38.50,USED,FULL_SET,v1|127615906111|0,PENDING
21050-1,LEGO Architecture Studio 21050 - Sellado de fábrica en caja de envío LEGO original,344.00,NEW,FULL_SET,v1|117348097866|0,PENDING
21050-1,LEGO Architecture Studio 21050 1210 piezas caja sellada de fábrica retirada (caja de desgaste),301.74,NEW,FULL_SET,v1|127697473934|0,PENDING
21050-1,LEGO ARCHITECTURE: Architecture Studio 21050 sellado de fábrica/retirado,344.85,NEW,FULL_SET,v1|146972737729|0,PENDING
21050-1,LEGO Architecture 21050 - Studio Architecture - 100% Completo - Usado con EMBALAJE ORIGINAL,290.00,USED,FULL_SET,v1|147226333222|0,PENDING
21050-1,LEGO ARCHITECTURE: Architecture Studio (21050),215.54,NEW,FULL_SET,v1|157368883180|0,PENDING
21036-1,Lego 21036 Arco del Triunfo - Nuevo sin abrir - RETIRED SET Collection Architecture,104.49,NEW,FULL_SET,v1|134756385440|0,PENDING
21036-1,Lego Architecture: Arc De Triomphe (21036) usado con manual,78.24,USED,FULL_SET,v1|137519877215|0,PENDING
21036-1,LEGO Architecture 21036 Arc de Triomphe - Brand New In Box - Retired Set,153.76,NEW,FULL_SET,v1|147389222466|0,PENDING
21036-1,LEGO Architecture 21036 Arco del Triunfo Conjunto de Construcción París Landmark NUEVO AL POR MENOR,172.42,NEW,FULL_SET,v1|162743646506|0,PENDING
21036-1,LEGO 21036 ARC DE TRIONPHE - PARIS FRANCE- NUOVO SIGILLATO - MISB,140.00,NEW,FULL_SET,v1|167126981071|0,PENDING
21029-1,LEGO Black Tile 1 x 8 with Printed 'Buckingham Palace' Pattern (4162 21029) - x1,4.86,USED,FULL_SET,v1|116050401464|0,PENDING
21029-1,LEGO Architecture - Palacio de Buckingham - Set 21029 - Nuevo en Caja,172.13,NEW,FULL_SET,v1|127806869634|0,PENDING
21029-1,LEGO ARCHITECTURE: Palacio de Buckingham (21029) Usado con Instrucciones,70.94,USED,FULL_SET,v1|137519998824|0,PENDING
21029-1,LEGO Architecture Palacio de Buckingham 21029 - Completo como en la foto - Gran exhibición,46.94,USED,FULL_SET,v1|137600186160|0,PENDING
21029-1,LEGO Architecture 21029 Buckingham Palace - Brand New In Box - Retired Set,183.57,NEW,FULL_SET,v1|147389205690|0,PENDING
4867-1,Lego Harry Potter Hogwarts 4867 Dementor Fondo Largo Lupin Goyle Brote 2011,135.61,NEW,FULL_SET,v1|115503113932|0,PENDING
4867-1,Lego 4840 - La Madriguera y 4867 Hogwarts - Raro Retirado  ,99.11,USED,FULL_SET,v1|115834189723|0,PENDING
4867-1,LEGO Harry Potter Hogwarts (4867) w/ Lucius Malfoy Retired 2011 ~NEW SEALED 🇨🇦,150.41,NEW,FULL_SET,v1|116306485847|0,PENDING
4867-1,LEGO Harry Potter Hogwarts 4867 ¡Completo sin abrir!,83.46,NEW,FULL_SET,v1|116890390258|0,PENDING
4867-1,Lego Harry Potter #4867 Hogwarts - TOTALMENTE NUEVO Y SELLADO,178.33,NEW,FULL_SET,v1|125649419274|0,PENDING
4840-1,Lego Harry Potter #4840 The Burrow - TOTALMENTE NUEVO Y SELLADO **MUY RARO**,308.92,NEW,FULL_SET,v1|115629023154|0,PENDING
4840-1,Lego 4840 - La Madriguera y 4867 Hogwarts - Raro Retirado  ,99.11,USED,FULL_SET,v1|115834189723|0,PENDING
4840-1,LEGO HARRY POTTER 4737 4738 4840 - Nuevo Sellado de Fábrica - RETIRADO,249.98,NEW,FULL_SET,v1|126136652634|0,PENDING
4840-1,Lego 4840 - Harry Potter: La Madriguera - 100% Completo con Libros y Mini Figuras,103.28,USED,FULL_SET,v1|127559845340|0,PENDING
4840-1,LEGO Harry Potter 4840 La Madriguera 100% Completo con Instrucciones ,104.32,USED,FULL_SET,v1|134930186708|0,PENDING
75981-1,NUEVO En Caja!  LEGO 75981 Harry Potter Calendario de Adviento 335 Piezas Envío Gratis,40.68,NEW,FULL_SET,v1|115087097443|0,PENDING
75981-1,LEGO Harry Potter 75981 Calendario de Adviento 335 piezas 24 Regalos NUEVO,36.51,NEW,FULL_SET,v1|124958600002|0,PENDING
75981-1,SELLADO NUEVO LEGO 75981 Harry Potter Calendario de Adviento 2020 Retirado 335 Piezas COMO NUEVO,41.72,NEW,FULL_SET,v1|124975157189|0,PENDING
75981-1,"LEGO HARRY POTTER CALENDARIO DE ADVIENTO, 75981, 2020, NUEVO, PRECINTADO, 335 PIEZAS",22.90,NEW,FULL_SET,v1|127619780580|0,PENDING
75981-1,"Lego Harry Potter Calendario de Adviento 75981 335 piezas, 24 regalos, Nuevo Nisb",40.68,NEW,FULL_SET,v1|128038409646|0,PENDING
75979-1,Lego Harry Potter Hedwig (75979) Nuevo (Caja dañada),52.11,NEW,FULL_SET,v1|115653995085|0,PENDING
75979-1,"Nuevo sellado de fábrica LEGO Harry Potter ""Hedwig"" - Set 75979",57.32,NEW,FULL_SET,v1|116069630386|0,PENDING
75979-1,LEGO Harry Potter: Hedwig (75979) NUEVO PRECINTADO,57.38,NEW,FULL_SET,v1|116842338325|0,PENDING
75979-1,"LEGO  HARRY POTTER  75979 Hedwige ,chouette blanche   Neuf scellé",88.35,NEW,FULL_SET,v1|116928317642|0,PENDING
75979-1,LEGO Harry Potter: Hedwig at 4 Privet Drive (#75979) -- buen estado usado,16.53,USED,FULL_SET,v1|117168573774|0,PENDING
71043-1,Nuevo LEGO Harry Potter Castillo de Hogwarts 71043 | 6020 Piezas | ¡Nuevo!,430.21,NEW,FULL_SET,v1|116565089198|0,PENDING
71043-1,lego harry potter hogwarts castle 71043 - BOLSA 26,16.84,NEW,FULL_SET,v1|127733811067|0,PENDING
71043-1,lego harry potter hogwarts castle 71043 - BOLSA 32,16.84,NEW,FULL_SET,v1|127733811070|0,PENDING
71043-1,lego harry potter hogwarts castle 71043 - BOLSA 33,16.84,NEW,FULL_SET,v1|127733811071|0,PENDING
71043-1,🔥LEGO 71043 HARRY POTTER🔥CASTELLO DI HOGWARTS 6020 PEZZI!🔥NUOVO SIGILLATO!🔥,399.99,NEW,FULL_SET,v1|128074998027|0,PENDING
76018-1,NUEVO LEGO - Cabeza de Figura - Superhéroes - Taskmaster x 1 - Set 76018,12.47,NEW,FULL_SET,v1|143030428089|0,PENDING
76018-1,NUEVO LEGO - Torso - Superhéroes - Thor negro sin barba x1 - 76018 Hulk Lab Smash,6.79,NEW,FULL_SET,v1|143091279346|0,PENDING
76018-1,NUEVO LEGO - Body Wear - Super Hero - Wings Trans.-Red Falcon Avenger x1 - 76018,3.08,NEW,FULL_SET,v1|143127832044|0,PENDING
76018-1,NUEVO LEGO - Cabeza de Figura - Superhéroes - Thor x1 - 76018 Hulk Lab Smash,5.74,NEW,FULL_SET,v1|143755568918|0,PENDING
76018-1,LEGO Marvel: Avengers: Hulk Lab Smash (76018) no completo,19.79,USED,FULL_SET,v1|146818049242|0,PENDING
6864-1,NUEVO LEGO - Figura - Superhéroe - Secuaz de Dos Caras Naranja Púrpura - 6864 Persecución,7.83,NEW,FULL_SET,v1|143577192948|0,PENDING
6864-1,NUEVO LEGO - Azulejos - Redondos 1x1 - Decorados - Moneda Cabeza Decágono '1916' x1 - 6864,2.61,NEW,FULL_SET,v1|143793165442|0,PENDING
6864-1,LEGO DC Comics Super Heroes: Batman-Batmobil y Two-Face 6864,150.00,NEW,FULL_SET,v1|167807602011|0,PENDING
6864-1,BRAND NEW LEGO SUPER HERO'S Batmobile & the Two-Face Chase 6864 RETRIED 2012🇨🇦,372.92,NEW,FULL_SET,v1|186605154152|0,PENDING
6864-1,Lego DC Superheroes 6864 Two Face Chase con figuras y ladrillos exclusivos. ,93.28,USED,FULL_SET,v1|227463700945|0,PENDING
10937-1,Lego Super Heroes Batman The Joker 10937 Arkham Asylum Breakout,8.34,USED,FULL_SET,v1|115688199513|0,PENDING
10937-1,LEGO DC 10937 Super Heroes Batman Arkham Asylum Breakout Set-Nuevo,370.72,NEW,FULL_SET,v1|123688074706|0,PENDING
10937-1,LEGO DC Comics 10937 Batman: Arkham Asylum Breakout Caja Abierta Bolsas Selladas Nuevo,344.86,NEW,FULL_SET,v1|136205141583|0,PENDING
10937-1,LEGO DC Comics Super Heroes: Batman: Arkham Asylum Breakout (10937)- Envío rápido,362.08,NEW,FULL_SET,v1|137564085184|0,PENDING
10937-1,LEGO Batman SH0048 Black Wings White Headband 10937 Arkham Asylum,12.00,USED,FULL_SET,v1|137701287117|0,PENDING
76119-1,LEGO Super Heroes: Batmobile: Pursuit of The Joker (76119),62.03,NEW,FULL_SET,v1|117385894506|0,PENDING
76119-1,Lego 76119 Batman Batmobile: Pursuit of The Joker (DC Comics Super Heroes),60.00,NEW,FULL_SET,v1|124104611335|0,PENDING
76119-1,Lego DC Super Heroes 76119 BATMOBILE: PURSUIT OF THE JOKER Batman NEW SEALED,106.56,NEW,FULL_SET,v1|124787315268|0,PENDING
76119-1,🍁LEGO 76119 Batmobile: Pursuit of The Joker (2019) 342 Pcs *NISB*🍁,60.16,NEW,FULL_SET,v1|127520671141|0,PENDING
76119-1,Lego DC Superheroes 76119 Batman Batimóvil Búsqueda del Guasón Conjunto de Construcción Nuevo,93.84,NEW,FULL_SET,v1|133431832110|0,PENDING
76166-1,"LEGO Super Heroes: Avengers Tower Battle (76166) Contenido sellado, caja dañada",253.16,NEW,FULL_SET,v1|126992749573|0,PENDING
76166-1,"LEGO Super Heroes: Avengers Tower Battle (76166) Contenido sellado, caja dañada",253.16,NEW,FULL_SET,v1|127011249387|0,PENDING
76166-1,LEGO Marvel Super Heroes: Avengers Tower Battle (76166) Nuevo y Precintado,344.85,NEW,FULL_SET,v1|127568704099|0,PENDING
76166-1,LEGO Marvel Avengers 76166 Avengers Tower Battle Sellado - Desgaste de esquina y borde,206.91,NEW,FULL_SET,v1|127932644992|0,PENDING
76166-1,LEGO Marvel 76166 Avengers Tower Battle Juego Completo 685 piezas con Caja Manual,172.43,USED,FULL_SET,v1|128072691056|0,PENDING
21100-1,Lego 21100 - Ideas (CUUSOO) Shinkai 6500 Submarino - Nuevo / EMBALAJE ORIGINAL (EOL) / Precintado,1331.42,NEW,FULL_SET,v1|126943962614|0,PENDING
21100-1,LEGO Ideas (CUUSOO) 21100 - Shinkai 6500 Submarino NUEVO y EMBALAJE ORIGINAL,1199.99,NEW,FULL_SET,v1|135515561763|0,PENDING
21100-1,LEGO Shinkai 6500 CUUSOO 001 Submarino #21100 Escala 1/60 Sin Usar,912.57,USED,FULL_SET,v1|147101369024|0,PENDING
21100-1,LEGO Ideas/CUUSOO 21100: Shinkai 6500 Submarino Japón Caja Manual Raro Difícil de Encontrar,344.81,USED,FULL_SET,v1|157990445528|0,PENDING
21100-1,Kuso Shinkai 6500 21100 escala 1/60 413 piezas raro Lego LEGO de Japón USADO,575.00,USED,FULL_SET,v1|223473059982|0,PENDING
21301-1,LEGO 21301  BIRDS  ideas   NEW,140.00,NEW,FULL_SET,v1|114817745255|0,PENDING
21301-1,Lego Ideas Birds 21301 Retirado Nuevo Precintado,172.42,NEW,FULL_SET,v1|115356815515|0,PENDING
21301-1,Lego 21301 - Ideas Birds - Nuevo / EMBALAJE ORIGINAL (EOL) / Precintado,229.42,NEW,FULL_SET,v1|126942752717|0,PENDING
21301-1,LEGO Ideas: Pájaros (21301) Retirado,154.32,NEW,FULL_SET,v1|127126773473|0,PENDING
21301-1,LEGO Ideas (CUUSOO) 21301 - Birds NUEVO y EMBALAJE ORIGINAL,199.99,NEW,FULL_SET,v1|134979210641|0,PENDING
21308-1,LEGO Ideas 21308 Adventure Time NUOVO Finn Jake Marceline Fuori Produzione,99.00,NEW,FULL_SET,v1|117259646672|0,PENDING
21308-1,🔥LEGO® IDEAS 21308 Adventure Time🔥MISB/Sigillato🔥Fuori Produzione!!Esaurito🔥,54.99,NEW,FULL_SET,v1|126898429708|0,PENDING
21308-1,LEGO SET NUOVO - 21308 Adventure Time,69.99,NEW,FULL_SET,v1|146093366474|0,PENDING
21308-1,LEGO Hora de Aventuras 21308 Nuevo y Sellado Lego Ideas Cartoon Network,97.87,NEW,FULL_SET,v1|168642562931|0,PENDING
21308-1,LEGO Ideas Adventure Time 21308 Set completo 495 pezzi 2016 con scatola,49.69,NEW,FULL_SET,v1|168673076492|0,PENDING
92177-1,LEGO Ideas: Envío en botella (92177) completo y construido - MODELO RETIRADO,57.38,NEW,FULL_SET,v1|117270678163|0,PENDING
92177-1,"LEGO Ideas: Envío en botella (92177). 100% completo, excelente estado ",103.77,USED,FULL_SET,v1|117301985327|0,PENDING
92177-1,LEGO Ideas 92177 - Schiff in der Flasche NEU & OVP,119.90,NEW,FULL_SET,v1|126714503322|0,PENDING
92177-1,LEGO Ideas 92177 Barco en botella Completo Leviatán Goleta Velero,52.15,USED,FULL_SET,v1|128046440892|0,PENDING
92177-1,LEGO Ideas: 92177 - Envío en botella - NUEVO,146.04,NEW,FULL_SET,v1|137553882571|0,PENDING
92176-1,LEGO Ideas 92176 NASA Saturn V Rocket - Ships from CANADA - New in Box,279.69,NEW,FULL_SET,v1|116231191020|0,PENDING
92176-1,LEGO Ideas NASA Apollo Saturn V 92176 Kit de Construcción (1969 Piezas),1163.89,NEW,FULL_SET,v1|125029168666|0,PENDING
92176-1,Lego Space 92176 NASA APOLLO SATURN V ROCKET New Sealed,234.86,NEW,FULL_SET,v1|125886087305|0,PENDING
92176-1,🍁LEGO Ideas 92176 NASA Apollo Saturn V (2020) 1969 Pcs *NISB*🍁,248.61,NEW,FULL_SET,v1|127919537034|0,PENDING
92176-1,🔥LEGO 92176🔥NASA APOLLO SATURN V🔥NUOVO SIGILLATO!!,229.99,NEW,FULL_SET,v1|127958864013|0,PENDING
10277-1,LEGO Creator Expert: Crocodile Locomotive (10277) Kit de construcción 1271 piezas,154.26,NEW,FULL_SET,v1|114552674440|0,PENDING
10277-1,"LEGO CREATOR ICONS  10277 La locomotive Crocodile scellé, neuf",189.79,NEW,FULL_SET,v1|116330575846|0,PENDING
10277-1,LEGO CITY Trenes - Locomotora Cocodrilo 10277 - Nuevo y Precintado,170.70,NEW,FULL_SET,v1|116558435855|0,PENDING
10277-1,LEGO Icons: Locomotora Cocodrilo (10277).  NISB.  TREN RETIRADO,146.05,NEW,FULL_SET,v1|116934651505|0,PENDING
10277-1,LEGO 10277 LOCOMOTIVA COCCODRILLO NUOVO,250.00,NEW,FULL_SET,v1|126474381815|0,PENDING
40586-1,Nuevo camión de mudanza Lego 40586 ICONOS SELLADO,52.15,NEW,FULL_SET,v1|115717151344|0,PENDING
40586-1,LEGO 40586 ICONOS CAMIÓN DE MUDANZA EDICIÓN LIMITADA VIP EXCLUSIVO COLECCIONISTA NUEVO SELLADO,41.72,NEW,FULL_SET,v1|115811274998|0,PENDING
40586-1,@@@ LEGO 40586 - Moving Truck / Lieferwagen *NEU*,28.90,NEW,FULL_SET,v1|116569127602|0,PENDING
40586-1,SEALED! LEGO 40586 Icons - Moving Truck - Toy,41.13,NEW,FULL_SET,v1|116991239407|0,PENDING
40586-1,LEGO Icons - 40586 - Vagón de mudanza / Moving Truck NUEVO & EMBALAJE ORIGINAL,25.47,NEW,FULL_SET,v1|127646769500|0,PENDING
10331-1,LEGO 10331 JUEGO DE PÁJAROS MARTÍN PESCADOR NUEVO JUEGO DE ICONOS SELLADOS,75.79,NEW,FULL_SET,v1|116067484453|0,PENDING
10331-1,LEGO Icons: Kingfisher Bird (10331)—NUEVO,45.90,NEW,FULL_SET,v1|116228038347|0,PENDING
10331-1,LEGO Icons 10331 : Le martin-pêcheur-  neuve  scellée,55.99,NEW,FULL_SET,v1|116933091900|0,PENDING
10331-1,LEGO Iconos Kingfisher Bird (10331) 18+ 834 Piezas Martin - Pêcheur,41.68,NEW,FULL_SET,v1|117228272082|0,PENDING
10331-1,LEGO Icons: Kingfisher Bird (10331),46.94,NEW,FULL_SET,v1|117252375458|0,PENDING
10318-1,LEGO Icons 10318 Concorde Aircraft 2083 piezas kit de construcción totalmente nuevo,327.59,NEW,FULL_SET,v1|116473712218|0,PENDING
10318-1,LEGO® Icons Concorde Set 10318 Nuevo Edición Exclusiva Envío Inmediato Nuevo EMBALAJE ORIGINAL,269.00,NEW,FULL_SET,v1|126827717391|0,PENDING
10318-1,LEGO® Icons 10318 Concorde,214.24,NEW,FULL_SET,v1|127728639250|0,PENDING
10318-1,LEGO Icons Concorde Passenger Jet 10318 Nuevo Precintado,167.39,NEW,FULL_SET,v1|128014463579|0,PENDING
10318-1,LEGO 10318 Concorde - Iconos - Nuevo y Precintado 🎅🎄,221.53,NEW,FULL_SET,v1|136848987445|0,PENDING
10273-1,LEGO Icons: Haunted House (10273),370.72,NEW,FULL_SET,v1|116317255110|0,PENDING
10273-1,LEGO Icons: Haunted House (10273),362.10,NEW,FULL_SET,v1|116788125827|0,PENDING
10273-1,LEGO Creator Expert: Haunted House (10273),396.59,NEW,FULL_SET,v1|125422737667|0,PENDING
10273-1,LEGO 10273 Haunted House - New and Sealed - Set RETIRED!!!,249.90,NEW,FULL_SET,v1|126854486168|0,PENDING
10273-1,LEGO Icons: Haunted House (10273) Nuevo y Precintado,431.06,NEW,FULL_SET,v1|127196791192|0,PENDING
42037-1,LEGO TECHNIC 42037 - Formula Off-Roader (2015 - Retired),52.00,USED,FULL_SET,v1|115650656447|0,PENDING
42037-1,LEGO 42037 Technic: Formula Off-Roader Nueva Caja Sellada,78.22,NEW,FULL_SET,v1|115929361305|0,PENDING
42037-1,LEGO TECHNIC: Formula Off-Roader (42037),46.94,NEW,FULL_SET,v1|117275532952|0,PENDING
42037-1,LEGO Technic 42037: Formula Off-Roader,171.57,NEW,FULL_SET,v1|143924542570|0,PENDING
42037-1,LEGO Technic 42037 Juego Todoterreno con Manuales y Caja. Usado.,62.59,USED,FULL_SET,v1|145156764171|0,PENDING
8069-1,LEGO TECHNIC PNEUMATIC excavator bucket 2950 /8837 8069 5284 8047 8419 7707 ...,2.49,USED,FULL_SET,v1|157688556919|0,PENDING
8069-1,Lego 8069 Technic - Retroexcavadora - Nuevo Precintado ,250.02,NEW,FULL_SET,v1|157689588227|0,PENDING
8069-1,LEGO TECHNIC: Backhoe Loader (8069) - Used - Complete With Manual ,63.57,USED,FULL_SET,v1|158100301209|0,PENDING
8069-1,BRAND NEW LEGO TECHNIC Backhoe Loader 2in1 SET 8069 RETRIED 2011🇨🇦,205.10,NEW,FULL_SET,v1|176460451041|0,PENDING
8069-1,"Lego 8069 Back Hoe Loader, completo *Vintage* *Technic* *Classic* *Raro*",35.00,USED,FULL_SET,v1|188450215693|0,PENDING
42030-1,"LEGO TECHNIC 42030 -La chargeuse sur pneus télécommandée VOLVO L35 -neuf ,scellé",509.99,NEW,FULL_SET,v1|116330573289|0,PENDING
42030-1,LEGO Technik 42030 VOLVO L350F cargadora de ruedas completa BA EMBALAJE ORIGINAL,229.90,USED,FULL_SET,v1|126702319022|0,PENDING
42030-1,LEGO Technic Volvo L350F Cargador de Ruedas 42030 (1636 piezas) Usado + Completo. Envío rápido,344.85,USED,FULL_SET,v1|134147187621|0,PENDING
42030-1,LEGO TECHNIC Volvo L350F Cargador de Ruedas (42030) Nuevo en Caja Sellada RETIRADO,431.07,NEW,FULL_SET,v1|134962048958|0,PENDING
42030-1,LEGO Technic Volvo L350F Cargador de Ruedas 42030 Retirado 2014 COMPLETO con Instrucciones,241.37,USED,FULL_SET,v1|147426676872|0,PENDING
42109-1,lego technic 42109 auto da rally top gear radioconandata da app col cellulare ,71.50,USED,FULL_SET,v1|117183772667|0,PENDING
42109-1,LEGO Technic: Coche de rally Top Gear controlado por aplicación (42109) nuevo y sellado,245.70,NEW,FULL_SET,v1|126658130481|0,PENDING
42109-1,Lego 42109 Top Gear Rally Car - No Missing Parts - Box & Manual Excellent,120.33,USED,FULL_SET,v1|127688204554|0,PENDING
42109-1,LEGO TECHNIC: Coche de rally Top Gear controlado por aplicación (42109),146.91,NEW,FULL_SET,v1|127881604168|0,PENDING
42109-1,LEGO Technic 42109 Top-Gear coche de rally con control de aplicación Rally N1/20,199.77,NEW,FULL_SET,v1|133244726175|0,PENDING
42066-1,LEGO TECHNIC 42066 -Le jet de course et jet privé-set neuf et scellé,169.85,NEW,FULL_SET,v1|117332591084|0,PENDING
42066-1,LEGO *NUEVO* Technic 42066 Air Race Jet 2017 1151 piezas Ver fotos,174.89,USED,FULL_SET,v1|117392502583|0,PENDING
42066-1,Lego Technic 42066 AIR RACE JET Plane NEW SEALED,284.77,NEW,FULL_SET,v1|125119581820|0,PENDING
42066-1,Lego Technic 42066: Air Race Fighter Jet,231.92,NEW,FULL_SET,v1|147481688970|0,PENDING
42066-1,"Ancien avion Air Race Jet / Jet de course, Lego Technic, 42066",69.99,USED,FULL_SET,v1|166507554895|0,PENDING
75045-1,lego star wars 75045 AV-7 Cañón Antivehículo Nuevo - Precintado.,392.43,NEW,FULL_SET,v1|128002624111|0,PENDING
75045-1,LEGO Star Wars 75045 Republic AV-7 Cañón Antivehículo Construcción Incompleta,78.23,USED,FULL_SET,v1|178423961520|0,PENDING
75045-1,LEGO Star Wars: Republic AV-7 cañón antivehículo (75045),250.00,NEW,FULL_SET,v1|205050210714|0,PENDING
75045-1,LEGO Star Wars 75045  – Brand New Sealed,344.86,NEW,FULL_SET,v1|206473332052|0,PENDING
75045-1,LEGO Star Wars 75045 Republic AV-7 Anti-Vehicle Cannon Set completo 434 pezzi,700.00,NEW,FULL_SET,v1|206506046605|0,PENDING
75912-1,Lego Speed Champions: Juego Porsche 911 GT Finish Line (75912),99.11,USED,FULL_SET,v1|137325271576|0,PENDING
75912-1,LEGO SPEED CHAMPIONS Porsche 911 Gt Finish Line 75912 100% Instrucciones completas,140.82,USED,FULL_SET,v1|147381713102|0,PENDING
75912-1,LEGO Speed Champions: Porsche 911 GT Finish Line (75912) ¡NUEVO! ¡SELLADO!,155.18,NEW,FULL_SET,v1|158241507307|0,PENDING
75912-1,LEGO Speed Champions 75912 Porsche 911 GT Finish Line NUEVO Sellado 2 Coches 2015,156.47,NEW,FULL_SET,v1|158251715570|0,PENDING
75912-1,Nuevo EMBALAJE ORIGINAL LEGO Speed Champions Porsche 75912 Porsche 911 GT Finish Line coleccionista,252.00,NEW,FULL_SET,v1|158278287879|0,PENDING
42039-1,LEGO TECHNIC: Coche de Carreras 24 Horas (42039): ¡¡¡Nuevo y en Caja Original!!!!,193.12,NEW,FULL_SET,v1|115984091308|0,PENDING
42039-1,LEGO Technic 42039 : La voiture de course des 24 heures neuve et scellée,214.99,NEW,FULL_SET,v1|116895245771|0,PENDING
42039-1,Lego Technic 24 horas coche de carreras 42039 + funciones eléctricas 8293 ¡completo en caja!,116.58,USED,FULL_SET,v1|117128801182|0,PENDING
42039-1,LEGO *NUEVO* Technic 24 Horas Coche de Carreras 42039 2015 1219 piezas Ver Fotos,209.87,NEW,FULL_SET,v1|117392502607|0,PENDING
42039-1,LEGO TECHNIC: Coche de Carreras 24 Horas (42039) Nuevo y Precintado *Vendedor de EE. UU.,214.67,NEW,FULL_SET,v1|125511703175|0,PENDING
76896-1,Lego Speed Champions Nissan GT-R Nismo 76896 juguete de construcción ,57.34,NEW,FULL_SET,v1|115781250134|0,PENDING
76896-1,Compite LEGO SPEED CHAMPIONS: Nissan GT-R NISMO (76896) Semiconstruido,31.29,USED,FULL_SET,v1|117141609335|0,PENDING
76896-1,LEGO SPEED CHAMPIONS 76896 NISSAN GT-R NISMO NEW SEALED,89.99,NEW,FULL_SET,v1|117292878344|0,PENDING
76896-1,LEGO SPEED CHAMPIONS: Nissan GT-R NISMO (76896),57.13,NEW,FULL_SET,v1|126482319845|0,PENDING
76896-1,"LEGO 76896 - Speed Champions - Nissan GT-R NISMO - Nuovo, sigillato",69.99,NEW,FULL_SET,v1|126694887368|0,PENDING
42093-1,Retirado Sellado Nuevo en Caja LEGO TECHNIC Chevrolet Corvette ZR1 42093,77.56,NEW,FULL_SET,v1|115939102846|0,PENDING
42093-1,LEGO TECHNIC: Chevrolet Corvette ZR1 (42093),20.86,NEW,FULL_SET,v1|117270661598|0,PENDING
42093-1,LEGO TECHNIC: Chevrolet Corvette ZR1 (42093),62.59,NEW,FULL_SET,v1|117390525986|0,PENDING
42093-1,LEGO TECHNIC: Chevrolet Corvette ZR1 (42093) Caja abollada,46.94,NEW,FULL_SET,v1|117399301639|0,PENDING
42093-1,LEGO 42093 - Técnica: Chevrolet Corvette ZR1 Modelo de Coche *Juego Retirado* ¡NUEVO!!,62.58,NEW,FULL_SET,v1|125614676624|0,PENDING
71006-1,"Lego 71006 Casa Simpson, completo con Istruzioni",319.90,USED,FULL_SET,v1|117149300045|0,PENDING
71006-1,LEGO 71006 Casa de Los Simpson NUEVO PRECINTADO 2523 piezas retirado,603.49,NEW,FULL_SET,v1|127783691245|0,PENDING
71006-1,Lego Los Simpson 71006 Casa de Los Simpson NUEVO/EMBALAJE ORIGINAL,490.00,NEW,FULL_SET,v1|128057611704|0,PENDING
71006-1,NUEVO LEGO - Figura - Los Simpson - Ned Flanders con Delantal - Set 71006 Casa Simpson,52.11,NEW,FULL_SET,v1|143088113870|0,PENDING
71006-1,LEGO 71006 SIMPSONS  THE HOUSE SIMPSONS NEW MISB,1000.00,NEW,FULL_SET,v1|146336641976|0,PENDING
75932-1,LEGO Jurassic World: Jurassic Park Velociraptor Chase (75932),83.45,NEW,FULL_SET,v1|116629433146|0,PENDING
75932-1,Lego Jurassic World 75932 VELOCIRAPTOR CHASE Park Alan Ellie Lex Dinosaur NEW,185.42,NEW,FULL_SET,v1|117389158025|0,PENDING
75932-1,Lego Jurassic World 75932 VELOCIRAPTOR CHASE Park Alan Ellie Lex Dinosaur NEW,120.77,NEW,FULL_SET,v1|125315615836|0,PENDING
75932-1,LEGO Jurassic World Set 75932 - Jurassic Park Velociraptor Chase - Nuevo,78.24,NEW,FULL_SET,v1|127750040418|0,PENDING
75932-1,Lego 75932 Parque Jurásico Velociraptor Chase NUEVO Alan Ellie Lex Tim,104.31,NEW,FULL_SET,v1|134344325189|0,PENDING
75936-1,LEGO Jurassic World Jurassic Park T. rex Rampage 75936 3120 piezas retirado 16+,267.26,USED,FULL_SET,v1|117389149569|0,PENDING
75936-1,Lego Jurassic World Park 75936 T. Rex Rampage 3120 Piezas Nuevo SELLADO,412.97,NEW,FULL_SET,v1|125621224090|0,PENDING
75936-1,LEGO 75936 Jurassic World Park: T. Rex Rampage - Nuevo Precintado,314.81,NEW,FULL_SET,v1|126824131285|0,PENDING
75936-1,🔥LEGO JURASSIC PARK 75936🔥LA FURIA DEL T-REX🔥NUOVO SIGILLATO!! 🔥,359.99,NEW,FULL_SET,v1|126898410924|0,PENDING
75936-1,"LEGO Jurassic Park: T. Rex' devastación - 75936 Jurassic World, NUEVO & EMBALAJE ORIGINAL, NEW",349.99,NEW,FULL_SET,v1|127899879367|0,PENDING
21280-1,LEGO 21280 Advent Calendar Lego Minecraft 2025 SINGLE MODELS WINTER VILLAGE,4.99,USED,FULL_SET,v1|137691553337|435719240305,PENDING
21280-1,LEGO 21280 Advent Calendar Lego Minecraft 2025 SINGLE MODELS WINTER VILLAGE,4.99,USED,FULL_SET,v1|137691553337|435719240312,PENDING
21280-1,LEGO 21280 Calendario De Adviento Minecraft 2025 Modelos Individuales,2.74,USED,FULL_SET,v1|137692582722|435718742944,PENDING
21280-1,LEGO Minecraft Calendario de Adviento 2025 21280 Nuevo,57.32,NEW,FULL_SET,v1|157694154706|0,PENDING
21280-1,LEGO Minecraft Navidad Vacaciones Adviento Calendario 2025 21280 NUEVO EN Caja,83.45,NEW,FULL_SET,v1|168106333138|0,PENDING
72038-1,Gadget - Lego: 72038 - Super Mario - Mario Kart - Wario E Re Boo - Lego,58.31,NEW,FULL_SET,v1|116791596262|0,PENDING
72038-1,Lego Super Mario: Mario Kart Wario & King Boo 72038,36.51,NEW,FULL_SET,v1|116890666816|0,PENDING
72038-1,LEGO Super Mario Mario Kart – Wario & King Boo 72038 Nuevo Sin Abrir ,41.69,NEW,FULL_SET,v1|117374432824|0,PENDING
72038-1,LEGO Super Mario 72038 Mario Kart Wario & King Boo Sellado Nuevo NISB,33.38,NEW,FULL_SET,v1|117406298952|0,PENDING
72038-1,72038 LEGO® Super Mario: Mario Kart - Juguete de construcción Wario & King Boo para niños,62.58,NEW,FULL_SET,v1|127659242206|0,PENDING
3181-2,2 LEGO Yellow Windscreen 4 x 4 x 1 Passenger Plane (3181 6238) 2 Pieces,5.61,USED,FULL_SET,v1|116538308460|0,PENDING
3181-2,LEGO Blue 2x12x5 Passenger Airliner Large Tail Passenger Plane (87614 3181) x1,5.95,USED,FULL_SET,v1|117351294576|0,PENDING
3181-2,NUEVO Lego City 3181 avión de pasajeros nuevo/sin abrir sin abrir sellado,155.00,NEW,FULL_SET,v1|126649342371|0,PENDING
3181-2,"NUEVO LEGO City Passenger Plane 3181, ¡SELLADO!",172.39,NEW,FULL_SET,v1|127597796250|0,PENDING
3181-2,Lego Set 3181 Avión de Pasajeros Completo,78.23,USED,FULL_SET,v1|156337862231|0,PENDING
70734-1,LEGO Ninjago 70734 Master Wu Dragon 2015 de colección sellado de fábrica,172.43,NEW,FULL_SET,v1|117383918533|0,PENDING
70734-1,LEGO Ninjago 70734 Master Wu Dragon Masters of Spinjitzu NUEVO Caja Sellada Desgaste,185.35,NEW,FULL_SET,v1|127895924851|0,PENDING
70734-1,Nuevo Precintado LEGO NINJAGO: Master Wu Dragon (70734) Raro ,155.19,NEW,FULL_SET,v1|137703183470|0,PENDING
70734-1,Lego Ninjago Sensei Wu Dragon Set 70734,291.49,NEW,FULL_SET,v1|146098969483|0,PENDING
70734-1,Lego NINJAGO Figura NJO0143 Arco Maestro Alma Arquero (70734 Maestro Wu Dragón),4.24,USED,FULL_SET,v1|157802984952|0,PENDING
70751-1,LEGO NINJAGO: Templo de Airjitzu (70751)-Nuevo en Caja Sellada de Fábrica,688.85,NEW,FULL_SET,v1|117274655929|0,PENDING
70751-1,Rare Lego 70751 Ninjago Le temple de l'Airjitzu OVP Neuf Boite Scéllé,849.00,NEW,FULL_SET,v1|117300454521|0,PENDING
70751-1,LEGO 70751 TEMPLO DE AIRJITZU Ninjago Ninja Lloyd Kai Jay Zane Nya - ¡NUEVO!,643.06,NEW,FULL_SET,v1|127797672798|0,PENDING
70751-1,Lego Ninjago 70751 Temple of Airjitzu (2015) Neuf Scellé Collector.,1000.00,NEW,FULL_SET,v1|128030665155|0,PENDING
70751-1,NUEVO LEGO - Figura - Ninjago - Cartero - Set 70751 Templo de Airjitzu,12.47,NEW,FULL_SET,v1|143132439370|0,PENDING
70675-1,Lego Ninjago 70675  Le 4x4 Katana et une trancheuse shuriken - NEUF et Scellée,180.00,NEW,FULL_SET,v1|116420155372|0,PENDING
70675-1,Lego Ninjago 70675  Le 4x4 Katana et une trancheuse shuriken - NEUF et Scellée,139.99,NEW,FULL_SET,v1|117240623577|0,PENDING
70675-1,LEGO NINJAGO: Katana 4x4 (70675),165.00,USED,FULL_SET,v1|127010233312|0,PENDING
70675-1,Brand New Lego Ninjago 70675 Kai’s Katana 4x4 Set🔥🔥🔥🔥,112.18,NEW,FULL_SET,v1|128038784201|0,PENDING
70675-1,LEGO NINJAGO KATANA 4x4 - LEGO 70675,149.95,NEW,FULL_SET,v1|154216171732|0,PENDING
71699-1,Thunder Raider 71699 Lego Ninjago NUEVO Precintado,163.80,NEW,FULL_SET,v1|147460991648|0,PENDING
71699-1,Lego 71699 Thunder Raider,64.13,USED,FULL_SET,v1|188134736388|0,PENDING
71699-1,LEGO NINJAGO: Thunder Raider (71699) Complete Set With Instructions,75.21,USED,FULL_SET,v1|188151278914|0,PENDING
71699-1,Nuevo - LEGO NINJAGO: Thunder Raider (71699),205.18,NEW,FULL_SET,v1|188777866426|0,PENDING
71699-1,LEGO 71699 NINJAGO Thunder Raider With Instructions,59.79,USED,FULL_SET,v1|226905947290|0,PENDING
